-- 维度表与基础主数据
USE chatbi_bench;

SET FOREIGN_KEY_CHECKS = 0;
TRUNCATE TABLE tb_cart_item;
TRUNCATE TABLE tb_shopping_cart;
TRUNCATE TABLE tb_page_view;
TRUNCATE TABLE tb_campaign_attribution;
TRUNCATE TABLE tb_campaign_channel;
TRUNCATE TABLE tb_campaign;
TRUNCATE TABLE tb_marketing_channel;
TRUNCATE TABLE tb_employee_region;
TRUNCATE TABLE tb_employee;
TRUNCATE TABLE tb_department;
TRUNCATE TABLE tb_product_review;
TRUNCATE TABLE tb_refund;
TRUNCATE TABLE tb_payment;
TRUNCATE TABLE tb_order_item;
TRUNCATE TABLE tb_voucher_order;
TRUNCATE TABLE tb_voucher;
TRUNCATE TABLE tb_price_log;
TRUNCATE TABLE tb_stock_movement;
TRUNCATE TABLE tb_inventory;
TRUNCATE TABLE tb_product_sku;
TRUNCATE TABLE tb_product;
TRUNCATE TABLE tb_supplier;
TRUNCATE TABLE tb_brand;
TRUNCATE TABLE tb_category;
TRUNCATE TABLE tb_customer_tag;
TRUNCATE TABLE tb_tag;
TRUNCATE TABLE tb_customer;
TRUNCATE TABLE tb_customer_level;
TRUNCATE TABLE tb_warehouse;
TRUNCATE TABLE tb_city;
TRUNCATE TABLE tb_region;
SET FOREIGN_KEY_CHECKS = 1;

-- 区域
INSERT INTO tb_region (region_code, region_name) VALUES
('EAST', '华东'), ('SOUTH', '华南'), ('NORTH', '华北'), ('SW', '西南'),
('NW', '西北'), ('NE', '东北'), ('CENTRAL', '华中'), ('OVERSEAS', '海外');

-- 城市
INSERT INTO tb_city (region_id, city_name, tier) VALUES
(1,'上海',1),(1,'杭州',1),(1,'南京',2),(1,'苏州',2),(1,'合肥',2),(1,'宁波',2),
(2,'广州',1),(2,'深圳',1),(2,'东莞',2),(2,'佛山',2),(2,'厦门',2),(2,'福州',2),
(3,'北京',1),(3,'天津',2),(3,'石家庄',3),(3,'太原',3),(3,'呼和浩特',3),
(4,'成都',1),(4,'重庆',1),(4,'昆明',2),(4,'贵阳',3),(4,'拉萨',3),
(5,'西安',2),(5,'兰州',3),(5,'乌鲁木齐',3),(5,'银川',3),
(6,'沈阳',2),(6,'大连',2),(6,'哈尔滨',2),(6,'长春',3),
(7,'武汉',1),(7,'长沙',2),(7,'郑州',2),(7,'南昌',3),(7,'合肥',2);

-- 会员等级
INSERT INTO tb_customer_level (level_code, level_name, min_points, discount_rate) VALUES
('NORMAL', '普通会员', 0, 1.00),
('SILVER', '白银会员', 1000, 0.98),
('GOLD', '黄金会员', 5000, 0.95),
('PLATINUM', '铂金会员', 20000, 0.90);

-- 标签
INSERT INTO tb_tag (tag_name, tag_group) VALUES
('高价值', '价值'), ('活跃', '行为'), ('沉睡', '行为'), ('新客', '生命周期'),
('复购', '行为'), ('促销敏感', '偏好'), ('品牌忠诚', '偏好'), ('移动端', '渠道'),
('PC端', '渠道'), ('直播', '渠道'), ('母婴', '品类'), ('数码', '品类'),
('美妆', '品类'), ('家居', '品类'), ('企业采购', '类型'), ('学生', '人群'),
('白领', '人群'), ('银发', '人群'), ('华东', '地域'), ('华南', '地域');

-- 分类树
INSERT INTO tb_category (id, category_name, parent_id, level, sort_order) VALUES
(1,'数码电子',NULL,1,1),(2,'服装鞋包',NULL,1,2),(3,'家居生活',NULL,1,3),
(4,'美妆个护',NULL,1,4),(5,'食品生鲜',NULL,1,5),(6,'运动户外',NULL,1,6),
(7,'手机通讯',1,2,1),(8,'电脑办公',1,2,2),(9,'智能设备',1,2,3),
(10,'男装',2,2,1),(11,'女装',2,2,2),(12,'鞋靴',2,2,3),(13,'箱包',2,2,4),
(14,'家具',3,2,1),(15,'家纺',3,2,2),(16,'厨具',3,2,3),
(17,'护肤',4,2,1),(18,'彩妆',4,2,2),(19,'洗护',4,2,3),
(20,'智能手机',7,3,1),(21,'功能手机',7,3,2),(22,'笔记本电脑',8,3,1),
(23,'平板电脑',8,3,2),(24,'智能手表',9,3,1),(25,'蓝牙耳机',9,3,2);

-- 品牌
INSERT INTO tb_brand (brand_name, country) VALUES
('Apple','美国'),('华为','中国'),('小米','中国'),('OPPO','中国'),('vivo','中国'),
('联想','中国'),('戴尔','美国'),('惠普','美国'),('三星','韩国'),('索尼','日本'),
('耐克','美国'),('阿迪达斯','德国'),('优衣库','日本'),('ZARA','西班牙'),
('海尔','中国'),('美的','中国'),('格力','中国'),('飞利浦','荷兰'),
('欧莱雅','法国'),('雅诗兰黛','美国'),('兰蔻','法国'),('三只松鼠','中国'),
('百草味','中国'),('李宁','中国'),('安踏','中国'),('波司登','中国'),
('Coach','美国'),('MK','美国'),('无印良品','日本'),('宜家','瑞典'),
('罗技','瑞士'),('雷蛇','美国'),('大疆','中国'),('GoPro','美国'),
('松下','日本'),('佳能','日本'),('尼康','日本'),('Bose','美国'),
('Beats','美国'),('荣耀','中国'),('一加','中国'),('realme','中国'),
('魅族','中国'),('华硕','中国台湾'),('宏碁','中国台湾'),('微软','美国'),
('谷歌','美国'),('亚马逊','美国'),('网易严选','中国'),('小米有品','中国');

-- 供应商
INSERT INTO tb_supplier (supplier_code, supplier_name, contact_phone, city_id, credit_rating) VALUES
('SUP001','华东数码供应链','13800001001',1,5),('SUP002','深圳电子制造','13800001002',8,4),
('SUP003','杭州服饰工厂','13800001003',2,4),('SUP004','广州美妆贸易','13800001004',7,5),
('SUP005','北京办公设备','13800001005',13,4),('SUP006','成都家居制造','13800001006',17,3),
('SUP007','武汉食品批发','13800001007',31,4),('SUP008','苏州精密组件','13800001008',4,5),
('SUP009','东莞代工中心','13800001009',9,3),('SUP010','厦门外贸供应','13800001010',11,4),
('SUP011','南京软件硬件','13800001011',3,4),('SUP012','重庆物流仓储','13800001012',18,3),
('SUP013','西安西北供应','13800001013',21,3),('SUP014','沈阳东北分销','13800001014',25,3),
('SUP015','上海国际品牌','13800001015',1,5),('SUP016','深圳智能硬件','13800001016',8,4),
('SUP017','杭州电商代发','13800001017',2,4),('SUP018','广州快时尚','13800001018',7,3),
('SUP019','北京企业采购','13800001019',13,5),('SUP020','成都西南枢纽','13800001020',17,4);

-- 仓库
INSERT INTO tb_warehouse (warehouse_code, warehouse_name, city_id, capacity) VALUES
('WH-SH','上海中心仓',1,500000),('WH-GZ','广州华南仓',7,400000),
('WH-BJ','北京华北仓',13,350000),('WH-CD','成都西南仓',17,300000),
('WH-WH','武汉华中仓',31,280000),('WH-HZ','杭州华东仓',2,320000),
('WH-SZ','深圳跨境仓',8,250000),('WH-XA','西安西北仓',21,200000);

-- 优惠券
INSERT INTO tb_voucher (voucher_code, voucher_name, voucher_type, face_value, min_amount, start_time, end_time, total_count, used_count, status) VALUES
('NEW100','新客满100减20',1,20,100,'2024-01-01','2026-12-31',50000,12000,1),
('VIP500','会员满500减80',1,80,500,'2024-01-01','2026-12-31',30000,8000,1),
('DISC95','全场95折券',2,0.95,0,'2024-06-01','2026-06-30',20000,5000,1),
('FREE20','无门槛20元',3,20,0,'2025-01-01','2026-12-31',100000,25000,1),
('618BIG','618大促券',1,100,800,'2025-06-01','2025-06-20',15000,15000,0),
('1111','双11满减',1,150,1000,'2025-11-01','2025-11-15',20000,18000,0),
('SPRING','春季焕新',1,50,300,'2025-03-01','2025-04-30',10000,6000,0),
('SUMMER','夏日清凉',2,0.90,200,'2025-07-01','2025-08-31',8000,3000,1);

-- 部门树
INSERT INTO tb_department (id, dept_name, parent_id, manager_name) VALUES
(1,'总部',NULL,'张总'),(2,'销售中心',1,'李总监'),(3,'技术中心',1,'王总监'),
(4,'运营中心',1,'赵总监'),(5,'华东销售部',2,'陈经理'),(6,'华南销售部',2,'刘经理'),
(7,'华北销售部',2,'周经理'),(8,'后端研发',3,'吴经理'),(9,'前端研发',3,'郑经理'),
(10,'数据分析',3,'孙经理'),(11,'用户运营',4,'钱经理'),(12,'市场营销',4,'冯经理');

-- 员工
INSERT INTO tb_employee (emp_no, emp_name, department_id, title, hire_date, status) VALUES
('E1001','张伟',5,'销售经理','2020-03-15',1),('E1002','李娜',5,'销售代表','2021-06-01',1),
('E1003','王强',6,'销售经理','2019-08-20',1),('E1004','刘洋',6,'销售代表','2022-01-10',1),
('E1005','陈静',7,'销售经理','2020-11-05',1),('E1006','杨帆',8,'高级工程师','2018-05-12',1),
('E1007','赵敏',8,'架构师','2017-09-01',1),('E1008','黄磊',9,'前端工程师','2021-03-20',1),
('E1009','周杰',10,'数据分析师','2022-07-01',1),('E1010','吴婷',11,'运营专员','2023-02-14',1),
('E1011','郑浩',12,'市场经理','2019-12-01',1),('E1012','孙丽',5,'销售代表','2023-08-01',1),
('E1013','钱进',6,'销售代表','2024-01-15',1),('E1014','冯雪',10,'BI工程师','2023-05-20',1),
('E1015','何明',7,'销售代表','2022-09-10',1);

-- 员工-区域
INSERT INTO tb_employee_region (employee_id, region_id, is_primary) VALUES
(1,1,1),(2,1,1),(12,1,0),(5,3,1),(15,3,1),(3,2,1),(4,2,1),(13,2,0),
(11,1,0),(11,2,0),(11,3,0),(9,1,0),(9,7,1),(14,1,1);

-- 营销渠道
INSERT INTO tb_marketing_channel (channel_code, channel_name, channel_type) VALUES
('SEM','搜索引擎', 'paid'),('FEED','信息流广告','paid'),('SMS','短信营销','paid'),
('EMAIL','邮件营销','organic'),('WECHAT','微信公众号','social'),('DOUYIN','抖音','social'),
('KOL','KOL合作','paid'),('SEO','自然搜索','organic');

-- 营销活动
INSERT INTO tb_campaign (campaign_code, campaign_name, start_date, end_date, budget, status) VALUES
('C2024Q1','2024春季大促','2024-03-01','2024-03-31',500000,0),
('C2024Q2','2024年中盛典','2024-06-01','2024-06-18',800000,0),
('C2024Q4','2024双11','2024-11-01','2024-11-15',2000000,0),
('C2025Q1','2025新年焕新','2025-01-01','2025-01-31',600000,0),
('C2025Q2','2025618','2025-06-01','2025-06-20',1200000,0),
('C2025Q3','2025暑期档','2025-07-01','2025-08-31',400000,1),
('C2025Q4','2025双11','2025-11-01','2025-11-15',2500000,1),
('C2026NY','2026元旦','2025-12-20','2026-01-05',300000,1);

-- 活动-渠道
INSERT INTO tb_campaign_channel (campaign_id, channel_id, spend) VALUES
(5,1,200000),(5,2,350000),(5,7,150000),(5,6,300000),
(6,1,80000),(6,2,120000),(6,6,100000),(6,5,50000),
(7,1,500000),(7,2,800000),(7,6,600000),(7,7,400000);
